PLAYERID,PLAYER,SALARY,POS,TEAM,OPP,SCHEDULE_ID,PARTNERID,INJURY,MINUTES,PTS,REB,AST,3PM,TO,STL,BLK,P-A,P-R,P-R-A,B-S,R-A,2PA,2PM,3PA,FTA,FTM,FGA,FGM,UD,PP,FPTS,FPTS/$,POWN,TEAM_ID,OPP_TEAM_ID,SLATE,CORE_ID,REFID,RGID,FLOOR,CEIL,OPTO,PERFECT,SMASH,SIM15TH,SIM33RD,SIM50TH,SIM66TH,SIM85TH,SIM90TH,SIM99TH,OWNERSHIP
37794,"Jarrett Allen",6100,C,CLE,MIL,121982,956574,-,29,11.74,10.29,1.85,0,0.94,0.7,0.74,13.59,22.03,23.88,1.44,12.14,6.96,4.64,0,3.28,2.45,6.96,4.64,30.24,30.24,30.28,4.96,3.26%,131,134,SUN,38286,2,37794,23.19,38.6,1.98,1.98,12.89,23.03,26.92,30.28,33.64,38.56,40.63,49.17,
37875,"Donovan Mitchell",8400,PG/SG,CLE,MIL,121982,879707,-,33,27.93,4.19,4.97,3.91,2.41,0.99,0.26,32.9,32.12,37.09,1.25,9.16,11.48,5.3,10.29,6.69,5.61,21.77,9.21,41.75,41.75,43.93,5.23,18.1%,131,134,SUN,38278,3,37875,34.07,54.91,18.07,18.07,21.93,33.77,39.61,43.93,48.25,55.1,58.15,71.35,
1115224,"Darius Garland",7100,PG,CLE,MIL,121982,1134262,-,32,19.79,2.96,6.21,2.83,2.27,0.9,0.17,26,22.75,28.96,1.07,9.17,9.07,4.02,7.03,3.81,3.28,16.1,6.85,33.6,33.6,35.36,4.98,8.35%,131,134,SUN,86449,4,1115224,26.44,45.02,7.24,7.24,13.75,26.27,31.32,35.36,39.15,44.96,47.48,59.35,
1115296,"De'Andre Hunter",5500,SF/PF,CLE,MIL,121982,942857,,25,13.14,3.86,1.02,1.81,0.85,0.39,0.24,14.16,17,18.02,0.63,4.88,4.86,2.33,4.49,3.55,3.03,9.35,4.14,20.34,20.34,21.24,3.86,0.05%,131,134,SUN,70224,5,1115296,14.62,29.03,0.17,0.17,2.03,14.59,18.17,21.24,24.31,28.92,30.96,39.67,
1115624,"Ty Jerome",4900,PG,CLE,MIL,121982,942866,,20,12.22,2.97,2.82,1.62,1.23,0.91,0,15.04,15.19,18.01,0.91,5.79,5.24,2.62,3.7,2.36,2.12,8.94,4.24,21.51,21.51,22.18,4.53,0.27%,131,134,SUN,70230,6,1115624,15.26,29.84,0.81,0.81,6.89,15.3,19.12,22.18,24.98,29.83,31.87,39.77,
1144092,"Dean Wade",3500,PF/C,CLE,MIL,121982,880677,,14,3.04,3,1.06,0.84,0.27,0.41,0.17,4.1,6.04,7.1,0.58,4.06,0.43,0.17,2.33,0.33,0.2,2.76,1.01,9.7,9.7,9.83,2.81,0.04%,131,134,SUN,72850,7,1144092,5.36,15.45,0,0,0.07,5.46,7.92,9.83,12.01,15.56,16.93,24.03,
1193058,"Max Strus",4300,SG/SF,CLE,MIL,121982,936502,,25,8.12,3.9,2.53,1.84,0.79,0.65,0.23,10.65,12.02,14.55,0.88,6.43,2.23,0.94,5.09,0.87,0.72,7.32,2.78,18.45,18.45,19.08,4.44,0.25%,131,134,SUN,73900,9,1193058,12.5,26.44,0.9,0.9,5.86,12.38,16.24,19.08,22.17,26.56,28.62,37.13,
2439210,"Isaac Okoro",3700,SG/SF,CLE,MIL,121982,1193432,,13,3.49,1.86,0.58,0.53,0.23,0.34,0.37,4.07,5.35,5.93,0.71,2.44,1.46,0.67,1.36,0.8,0.55,2.82,1.2,8.49,8.49,8.26,2.23,0.27%,131,134,SUN,92179,10,2439210,4.49,13.25,0,0,0,4.53,6.66,8.26,10.13,13.32,14.65,20.78,
2439420,"Sam Merrill",3400,SG,CLE,MIL,121982,953106,,16,4.94,1.99,0.68,1.41,0.3,0.65,0.14,5.62,6.93,7.61,0.79,2.67,0.46,0.2,3.67,0.33,0.31,4.13,1.61,10.42,10.42,10.58,3.11,0.22%,131,134,SUN,72801,11,2439420,5.58,16.47,0.02,0.02,0.31,5.42,8.26,10.58,12.9,16.52,18.06,25.04,
3005190,"Evan Mobley",8200,PF/C,CLE,MIL,121982,1231862,,32,19.3,10.04,3.28,0.88,1.8,0.6,1.61,22.58,29.34,32.62,2.21,13.32,11.3,6.41,2.42,5.22,3.84,13.72,7.29,41.1,41.1,41.4,5.05,14.79%,131,134,SUN,149666,12,3005190,32.36,50.99,11.9,11.9,15.14,32.31,37.36,41.4,45.19,50.99,53.26,63.61,
6412819,"Jaylon Tyson",3000,SG/SF,CLE,MIL,121982,1342747,,1,0.41,0.15,0.09,0.05,0.05,0.03,0.01,0.5,0.56,0.65,0.04,0.24,0.23,0.1,0.15,0.1,0.08,0.38,0.15,0.8,0.8,0.81,0.27,0.04%,131,134,SUN,180082,16,6412819,0,1.62,0,0,0,0.35,0.58,0.81,1.04,1.39,1.48,1.54,
13315,"Klay Thompson",5800,SG/SF,DAL,PHO,121979,457611,,29,18.22,4.29,1.43,3.88,1.97,0.98,0.67,19.65,22.51,23.94,1.65,5.72,6.05,2.52,9.83,1.69,1.53,15.88,6.4,28.49,28.49,30,5.17,0.0%,140,153,SUN,12329,18,13315,21.6,39.42,0,0,0,21.68,26.47,30,33.53,39.83,41.85,52.44,
18566,"Dwight Powell",3400,C,DAL,PHO,121979,552309,,16,3.94,4.06,1.81,0.02,0.38,0.38,0.72,5.75,8,9.81,1.1,5.87,1.67,1.12,0.04,2.39,1.63,1.71,1.14,14.45,14.45,13.75,4.04,0.0%,140,153,SUN,12550,21,18566,9.25,18.68,0,0,0,9.17,11.82,13.75,15.68,18.82,20.02,25.81,
18588,"Spencer Dinwiddie",5700,PG/SG,DAL,PHO,121979,602411,,29,12.84,2.8,5.39,1.91,0.96,0.68,0.23,18.23,15.64,21.03,0.91,8.19,4.85,1.87,5.71,4.17,3.38,10.56,3.78,26.06,26.06,26.77,4.7,0.0%,140,153,SUN,12532,22,18588,19.52,35.26,0,0,0,19.38,23.46,26.77,29.83,35.18,37.48,46.66,
18626,"Dante Exum",4400,PG/SF,DAL,PHO,121979,830636,,21,10.84,2.55,2.62,1.33,0.95,1.03,0.25,13.46,13.39,16.01,1.28,5.17,5.32,2.6,3.02,2.21,1.66,8.34,3.93,20.72,20.72,20.71,4.71,0.0%,140,153,SUN,12564,23,18626,14.58,27.62,0,0,0,14.5,17.95,20.71,23.47,27.61,29.45,37.74,
1203483,"Caleb Martin",4100,SF/PF,DAL,PHO,121979,842969,,17,5.97,3.22,1.46,0.76,0.61,0.78,0.43,7.43,9.19,10.65,1.21,4.68,3.11,1.41,2.09,1.25,0.87,5.2,2.17,15.04,15.04,14.68,3.58,0.0%,140,153,SUN,73187,26,1203483,9.32,20.58,0,0,0,9.18,12.32,14.68,16.78,20.45,22.28,29.88,
2484012,"Naji Marshall",6400,SF/PF,DAL,PHO,121979,1060704,,34,18.5,7.97,2.45,1.9,1.9,1.51,0.2,20.95,26.47,28.92,1.71,10.42,10.06,4.8,5.94,3.86,3.2,16,6.7,34.97,34.97,36.09,5.64,0.0%,140,153,SUN,70165,27,2484012,28.11,45.37,0,0,0,27.83,32.32,36.09,39.86,45.32,47.65,57.32,
3005096,"Kessler Edwards",3800,PF/C,DAL,PHO,121979,1135006,,28,9.23,6.11,1.62,1.63,0.66,0.97,0.49,10.85,15.34,16.96,1.46,7.73,4.19,1.88,4.57,0.74,0.57,8.76,3.51,22.71,22.71,22.78,5.99,0.0%,140,153,SUN,90456,28,3005096,16.24,30.55,0,0,0,16.09,20.06,22.78,26,30.7,32.68,40.86,
3267960,"Brandon Williams",4000,PG,DAL,PHO,121979,1134688,,32,16.79,3.72,4.23,1.69,1.26,0.98,0.46,21.02,20.51,24.74,1.44,7.95,8.59,4.02,4.78,4.83,3.69,13.37,5.71,30.66,30.66,30.9,7.73,0.0%,140,153,SUN,87233,30,3267960,23.1,39.57,0,0,0,22.71,27.2,30.9,34.07,39.35,41.46,52.29,
3588176,"Max Christie",5400,SG,DAL,PHO,121979,1340703,,34,15.41,5.21,3.75,2.46,1.04,1.26,0.41,19.16,20.62,24.37,1.67,8.96,6.13,2.61,6.66,3.37,2.82,12.79,5.07,31.26,31.26,31.66,5.86,0.0%,140,153,SUN,179747,32,3588176,23.43,40.6,0,0,0,23.3,28.11,31.66,35.21,40.78,43.06,54.2,
1083,"Russell Westbrook",5700,PG,DEN,OKC,121978,329830,,26,11.69,3.87,3.8,0.94,3.03,0.89,0.44,15.49,15.56,19.36,1.33,7.67,7.52,3.44,2.99,3.06,2.01,10.51,4.38,22.99,22.99,23.85,4.18,0.0%,145,148,SUN,12188,35,1083,16.9,31.64,0,0,0,16.76,20.88,23.85,26.82,31.71,33.78,42.03,
18601,"Aaron Gordon",5100,PF,DEN,OKC,121978,748788,,32,14.83,5.72,3.45,0.97,1.6,0.62,0.32,18.28,20.55,24,0.94,9.17,8.21,4.33,2.58,4.54,3.27,10.79,5.3,28.09,28.09,28.77,5.64,0.0%,145,148,SUN,12545,37,18601,21.58,36.85,0,0,0,21.32,25.43,28.77,31.85,36.73,38.81,47.78,
31812,"Nikola Jokic",12500,C,DEN,OKC,121978,830650,,38,27.76,13.62,8.89,1.49,3.92,1.33,0.57,36.65,41.38,50.27,1.9,22.51,15.22,8.89,3.62,6.74,5.51,18.84,10.38,59.22,59.22,62.47,5,0.0%,145,148,SUN,12576,38,31812,51.5,74.59,0,0,0,51.16,57.33,62.47,67.35,74.3,77.12,90.75,
35211,"Jamal Murray",7900,PG/SG,DEN,OKC,121978,891352,,38,20.99,3.42,5.28,2.39,2.47,1.09,0.38,26.27,24.41,29.69,1.47,8.7,10.8,5.32,5.84,3.67,3.18,16.64,7.71,34.95,34.95,36.15,4.58,0.0%,145,148,SUN,28062,39,35211,27.43,46.15,0,0,0,27.24,32.33,36.15,39.97,46.33,48.88,58.56,
409154,"Michael Porter Jr.",6400,SF/PF,DEN,OKC,121978,1061724,,35,17.75,7.87,1.74,2.91,1.57,0.39,0.23,19.49,25.62,27.36,0.62,9.61,7.58,3.67,7.27,2.15,1.67,14.85,6.58,30.09,30.09,32.33,5.05,0.0%,145,148,SUN,75295,41,409154,23.72,41.93,0,0,0,23.47,28.42,32.33,35.98,41.98,44.58,56.32,
2439457,"Zeke Nnaji",3300,PF/C,DEN,OKC,121978,1193676,,14,2.13,2.81,0.35,0.12,0.12,0.44,0.7,2.48,4.94,5.29,1.14,3.16,1.26,0.67,0.39,0.68,0.42,1.65,0.79,9.33,9.33,8.45,2.56,0.0%,145,148,SUN,92620,43,2439457,4.69,12.91,0,0,0,4.75,6.87,8.45,10.3,13.2,14.26,19.8,
3588036,"Peyton Watson",3500,SF/PF,DEN,OKC,121978,1326502,,21,5.34,3.07,1.3,0.5,0.77,0.5,0.87,6.64,8.41,9.71,1.37,4.37,3.1,1.4,1.54,1.45,1.03,4.64,1.9,14.31,14.31,13.73,3.92,0.0%,145,148,SUN,180124,44,3588036,8.7,19.4,0,0,0,8.39,11.44,13.73,15.76,19.32,21.1,27.71,
3588037,"Christian Braun",6000,SG/SF,DEN,OKC,121978,1174878,,36,16.28,5.96,2.74,1.38,0.83,0.84,0.31,19.02,22.24,24.98,1.15,8.7,8.53,4.58,3.62,3.77,2.97,12.15,5.96,30.16,30.16,30.48,5.08,0.0%,145,148,SUN,90542,45,3588037,22.54,38.94,0,0,0,22.54,26.89,30.48,33.81,38.93,40.98,50.46,
13332,"Tobias Harris",5800,PF,DET,POR,121984,552523,,32,13.89,5.59,1.78,1.14,1.16,1.46,0.61,15.67,19.48,21.26,2.07,7.37,7.95,4.01,3.33,2.77,2.43,11.28,5.15,28.32,28.32,27.73,4.78,2.23%,132,147,SUN,12337,53,13332,20.6,35.59,1.99,1.99,9.62,20.67,24.7,27.73,31.01,35.8,37.81,47.65,
16879,"Tim Hardaway Jr.",4200,SG/SF,DET,POR,121984,551771,,27,9.47,2.28,1.43,1.87,0.59,0.93,0.39,10.9,11.75,13.18,1.32,3.71,3.06,1.19,5.26,1.73,1.46,8.32,3.06,17.72,17.72,17.75,4.23,0.05%,132,147,SUN,12479,54,16879,11.61,24.86,0.52,0.52,3.81,11.58,15.18,17.75,20.58,24.95,26.75,35.5,
18595,"Dennis Schroder",4600,PG/SG,DET,POR,121984,739958,,22,10.27,2.23,3.97,1.36,1.76,0.72,0.21,14.24,12.5,16.47,0.93,6.2,5.07,2.17,3.74,2.23,1.86,8.81,3.53,19.93,19.93,20.68,4.5,0.07%,132,147,SUN,12453,55,18595,14.04,28.21,0.72,0.72,6.34,13.79,17.62,20.68,23.49,28.34,30.13,39.06,
35213,"Malik Beasley",5600,SG/SF,DET,POR,121984,879503,,26,16.43,2.53,1.55,4.11,0.77,1.31,0.23,17.98,18.96,20.51,1.54,4.08,3.58,1.61,9.85,1.3,0.87,13.43,5.72,25.64,25.64,26.67,4.76,3.25%,132,147,SUN,28061,56,35213,18.34,35.51,3.9,3.9,12.61,18.43,23.08,26.67,30.26,35.9,37.98,49.75,
2439153,"Paul Reed",3200,C,DET,POR,121984,1076238,,1,0.51,0.27,0.07,0.02,0.04,0.06,0.05,0.58,0.78,0.85,0.11,0.34,0.36,0.19,0.06,0.09,0.07,0.42,0.21,1.23,1.23,1.16,0.36,0.29%,132,147,SUN,73899,57,2439153,0,2.32,0,0,0,0,0,1.16,1.74,2.9,3.77,6.67,
2439495,"Isaiah Stewart",3400,C,DET,POR,121984,1177050,,19,5.73,4.61,1.54,0.54,0.52,0.39,1.09,7.27,10.34,11.88,1.48,6.15,2.92,1.58,1.54,1.26,0.97,4.46,2.12,17.49,17.49,16.78,4.94,0.05%,132,147,SUN,90783,58,2439495,11.47,22.91,0.64,0.64,6.37,11.27,14.28,16.78,19.28,23.04,24.29,31.81,
3005207,"Cade Cunningham",10200,PG,DET,POR,121984,1232182,,36,28.1,5.28,8.61,2.46,5.16,1.45,0.65,36.71,33.38,41.99,2.1,13.89,16.38,7.61,6.87,6.4,5.51,23.25,10.07,48.49,48.49,51.05,5,16.23%,132,147,SUN,122680,59,3005207,40.18,62.77,14.66,14.66,18.92,40.24,46.02,51.05,55.58,62.87,65.89,78.46,
3587772,"Jalen Duren",6700,C,DET,POR,121984,1344765,,28,13.18,11.04,2.88,0,1.62,1.27,1.27,16.06,24.22,27.1,2.54,13.92,7.92,5.29,0,3.58,2.59,7.92,5.29,36.75,36.75,36.3,5.42,14.35%,132,147,SUN,179734,61,3587772,28.3,44.97,12.76,12.76,19.38,28.23,33.02,36.3,40.08,45.12,47.39,56.47,
3622168,"Simone Fontecchio",3500,PF,DET,POR,121984,1314104,,9,2.77,1.76,0.45,0.54,0.33,0.34,0.21,3.22,4.53,4.98,0.55,2.21,0.98,0.39,1.51,0.45,0.37,2.49,0.93,6.88,6.88,6.85,1.96,0.05%,132,147,SUN,231042,63,3622168,3.15,11.55,0,0,0,2.9,5.01,6.85,8.43,11.59,12.65,18.44,
4874246,"Ausar Thompson",5800,SF/PF,DET,POR,121984,1429338,,27,11.85,5.78,2.56,0.36,1.45,1.69,0.47,14.41,17.63,20.19,2.16,8.34,8.14,4.45,1.83,3.09,1.86,9.97,4.81,27.66,27.66,26.74,4.61,2.1%,132,147,SUN,266068,64,4874246,19.76,34.33,1.9,1.9,6.98,19.61,23.68,26.74,29.54,34.38,36.42,45.59,
4878314,"Marcus Sasser",3100,PG/SG,DET,POR,121984,1174920,,2,0.78,0.2,0.36,0.13,0.09,0.07,0,1.14,0.98,1.34,0.07,0.56,0.36,0.16,0.35,0.1,0.09,0.71,0.29,1.68,1.68,1.73,0.56,0.47%,132,147,SUN,90129,65,4878314,0,3.53,0,0,0,0,0,1.73,2.31,4.04,5.19,8.94,
6412876,"Ron Holland",3600,SF,DET,POR,121984,1501942,,11,4.41,1.77,0.86,0.35,0.55,0.63,0.14,5.27,6.18,7.04,0.77,2.63,2.45,1.17,1.53,1.28,1.01,3.98,1.52,9.58,9.58,9.35,2.6,0.05%,132,147,SUN,368369,66,6412876,5.23,14.22,0,0,0.01,5.19,7.53,9.35,11.43,14.28,15.58,21.04,
1037,"James Harden",10000,PG,LAC,SAC,121985,395388,,36.5,25.68,4.73,8.71,3.62,4.18,1.36,0.4,34.39,30.41,39.12,1.76,13.44,8.09,3.22,10.16,9.58,8.39,18.25,6.84,45.52,45.52,48.49,4.85,10.0%,151,154,SUN,12228,70,1037,37.54,59.58,9.57,9.57,14.81,37.24,43.74,48.49,52.74,59.49,62.49,74.98,
1315,"Nicolas Batum",3900,PF/C,LAC,SAC,121985,456451,,26,4.79,3.58,1.65,1.23,0.41,1.04,0.54,6.44,8.37,10.02,1.58,5.23,0.92,0.41,3.09,0.37,0.29,4.01,1.64,15.89,15.89,15.31,3.93,0.45%,151,154,SUN,12208,71,1315,10.06,21.53,0.39,0.39,1.35,9.81,12.92,15.31,17.7,21.53,22.97,30.14,
13310,"Kawhi Leonard",7800,SF/PF,LAC,SAC,121985,512591,,35.5,24.37,5.96,3.28,2.27,1.77,1.76,0.49,27.65,30.33,33.61,2.25,9.24,13.6,6.68,5.74,4.92,4.2,19.34,8.95,41.42,41.42,41.62,5.34,18.61%,151,154,SUN,12333,72,13310,32.37,51.12,24.37,24.37,21.56,32.15,37.63,41.62,45.36,51.34,53.83,65.05,
35215,"Kris Dunn",4900,PG/SG,LAC,SAC,121985,698968,,29,7.07,4,3.76,1.01,0.77,1.7,0.52,10.83,11.07,14.83,2.22,7.76,4.01,1.84,3.07,0.55,0.34,7.08,2.85,23.4,23.4,22.28,4.55,0.0%,151,154,SUN,28005,76,35215,15.83,29.52,1.2,1.2,5.87,15.77,19.53,22.28,25.28,29.79,31.54,40.3,
35226,"Ivica Zubac",7700,C,LAC,SAC,121985,920093,,34,18.64,11.37,2.36,0,1.45,0.72,1.07,21,30.01,32.37,1.79,13.73,12.68,8,0,3.93,2.65,12.68,8,39.74,39.74,40.29,5.23,13.56%,151,154,SUN,27986,77,35226,32.11,48.95,13.73,13.73,16.48,31.69,36.6,40.29,43.73,48.89,50.85,60.19,
36064,"Derrick Jones Jr.",4300,PF,LAC,SAC,121985,892925,,23,8.73,2.71,0.67,1.07,0.59,0.66,0.31,9.4,11.44,12.11,0.97,3.38,4.2,2.1,3.03,1.8,1.31,7.23,3.17,15.31,15.31,15.3,3.56,0.34%,151,154,SUN,31198,78,36064,9.88,21.75,0.06,0.06,0.66,9.95,13.01,15.3,17.85,21.93,23.46,30.85,
37899,"Bogdan Bogdanovic",5100,SG/SF,LAC,SAC,121985,830648,,27,11.85,2.52,2.87,2.25,1.38,0.84,0.31,14.72,14.37,17.24,1.15,5.39,4.43,1.8,6.48,1.67,1.49,10.91,4.05,21.25,21.25,22.04,4.32,0.05%,151,154,SUN,38384,79,37899,14.87,30.05,0.96,0.96,5.75,14.69,18.75,22.04,25.08,30.15,32.17,41.55,
570198,"Drew Eubanks",3100,C,LAC,SAC,121985,883573,,7,2.42,2.01,0.39,0.02,0.27,0.04,0.45,2.81,4.43,4.82,0.49,2.4,1.66,0.92,0.04,0.74,0.52,1.7,0.94,6.62,6.62,6.37,2.05,0.22%,151,154,SUN,83665,80,570198,3.45,10.19,0,0,0,3.31,5.1,6.37,7.9,10.19,11.21,15.29,
1167676,"Amir Coffey",3800,SG/SF,LAC,SAC,121985,944822,,22,8.04,1.86,1.1,1.24,0.49,0.45,0.21,9.14,9.9,11,0.66,2.96,3.05,1.45,3.09,1.61,1.43,6.14,2.69,13.41,13.41,13.71,3.61,0.05%,151,154,SUN,71582,81,1167676,8.27,20.25,0.09,0.09,1.07,8.02,11.12,13.71,16.3,20.18,21.73,29.23,
409321,"Marvin Bagley",,,MEM,NOP,121980,1076209,,9,4.51,2.2,0.36,0.08,0.42,0.4,0.17,4.87,6.71,7.07,0.57,2.56,3.02,1.72,0.25,1.17,0.85,3.27,1.8,8.98,8.98,8.77,32,0.0%,142,143,SUN,75292,90,409321,5.09,13.09,0,0,0.01,5.01,7.02,8.77,10.27,13.03,14.28,19.8,
1115421,"Ja Morant",8500,PG,MEM,NOP,121980,1065906,,32,25.35,4.24,7.38,1.79,3.84,1.19,0.32,32.73,29.59,36.97,1.51,11.62,14.51,6.18,6.37,9.15,7.63,20.88,7.97,42.2,42.2,44.03,5.18,14.12%,142,143,SUN,71310,91,1115421,34.81,54.34,16.95,16.95,19.29,34.92,40.23,44.03,48.33,54.66,57.69,69.33,
1115422,"Brandon Clarke",4100,PF/C,MEM,NOP,121980,892914,,24,10.25,7.48,1.65,0.04,0.69,0.73,1.11,11.9,17.73,19.38,1.84,9.13,7.22,4.48,0.5,1.79,1.18,7.72,4.52,26.53,26.53,25.66,6.26,17.95%,142,143,SUN,72581,92,1115422,19.31,33.04,24.56,24.56,31.33,19.27,22.97,25.66,28.59,32.99,34.95,43.75,
1158073,"John Konchar",3300,SF,MEM,NOP,121980,852907,,14,2.71,2.26,1.65,0.52,0.32,0.42,0.21,4.36,4.97,6.62,0.63,3.91,1.06,0.44,1.63,0.31,0.26,2.69,0.96,9.47,9.47,9.37,2.84,0.27%,142,143,SUN,70850,93,1158073,5.33,14.22,0,0,0.02,5.32,7.6,9.37,11.14,14.18,15.7,21.78,
2439095,"Desmond Bane",8000,SG,MEM,NOP,121980,944263,,34,22.84,6.57,5.47,3.07,2.45,1.18,0.45,28.31,29.41,34.88,1.63,12.04,10.48,4.92,8.12,4.31,3.79,18.6,7.99,41.37,41.37,43.12,5.39,19.61%,142,143,SUN,72613,94,2439095,33.37,53.67,23.13,23.13,24.89,33.29,38.83,43.12,47.15,53.96,56.76,69.09,
2439209,"Lamar Stevens",3100,PF,MEM,NOP,121980,950179,,4,1.99,1.05,0.18,0.09,0.17,0.29,0.34,2.17,3.04,3.22,0.63,1.23,1.57,0.67,0.4,0.48,0.39,1.97,0.76,5.24,5.24,4.79,1.55,0.45%,142,143,SUN,69521,95,2439209,1.91,8.36,0,0,0,2.13,3.46,4.79,6.12,8.52,9.31,13.84,
3028281,"Jay Huff",3000,C,MEM,NOP,121980,942843,,2,0.85,0.27,0.13,0.17,0.06,0.02,0.17,0.98,1.12,1.25,0.19,0.4,0.22,0.11,0.41,0.14,0.11,0.63,0.28,1.88,1.88,1.82,0.61,0.29%,142,143,SUN,70219,97,3028281,0,3.71,0,0,0,0,0,1.82,2.91,5.82,6.92,12.02,
3583997,"Scotty Pippen Jr.",4200,PG,MEM,NOP,121980,1176798,,19,8.17,3.62,4.06,0.89,1.25,1.36,0.32,12.23,11.79,15.85,1.68,7.68,4.22,2.02,2.46,2.07,1.46,6.68,2.91,22.39,22.39,21.97,5.23,4.49%,142,143,SUN,90685,98,3583997,15.47,29.17,2.4,2.4,13.58,15.33,19.16,21.97,24.78,29.38,31.17,39.6,
3587970,"Vince Williams",3900,SG/SF,MEM,NOP,121980,1134869,,26,12.68,5.19,2.66,1.9,1.78,1.21,0.35,15.34,17.87,20.53,1.56,7.85,4.57,2.06,5.41,3.69,2.86,9.98,3.96,25.8,25.8,26.38,6.76,22.93%,142,143,SUN,89766,99,3587970,19.03,34.81,29.02,29.02,41.87,18.95,23.05,26.38,29.71,34.83,37.14,45.59,
4878429,"Gregory Jackson",3800,SF/PF,MEM,NOP,121980,1405584,,21,11.66,4.1,1.97,1.78,1.45,0.26,0.43,13.63,15.76,17.73,0.69,6.07,4.9,2.04,4.96,3,2.22,9.86,3.82,20.16,20.16,21.3,5.61,9.63%,142,143,SUN,245013,100,4878429,15.09,28.64,10.37,10.37,18.01,14.76,18.4,21.3,24.2,28.56,30.5,38.97,
6412994,"Cam Spencer",3000,SG,MEM,NOP,121980,1177001,,2,0.83,0.22,0.13,0.14,0.08,0.07,0.02,0.96,1.05,1.18,0.09,0.35,0.35,0.15,0.41,0.15,0.12,0.76,0.29,1.48,1.48,1.51,0.5,0.14%,142,143,SUN,90391,101,6412994,0,3.08,0,0,0,0,0,1.51,2.42,4.23,4.83,8.76,
6412995,"Jaylen Wells",4400,SG/SF,MEM,NOP,121980,1423140,,29,12.34,3.43,1.68,2.18,0.68,0.89,0.1,14.02,15.77,17.45,0.99,5.11,4.45,2,5.8,2.18,1.8,10.25,4.18,21.27,21.27,21.88,4.97,3.25%,142,143,SUN,252511,102,6412995,15.13,29.75,3.58,3.58,11.92,15.09,19.11,21.88,24.9,29.93,31.94,41.25,
6412996,"Zach Edey",4700,C,MEM,NOP,121980,1231414,,24,11.05,9.71,0.84,0.4,1.18,0.8,1.51,11.89,20.76,21.6,2.31,10.55,6.93,4.04,1.1,2.54,1.78,8.03,4.44,29.71,29.71,29.17,6.21,18.02%,142,143,SUN,149337,103,6412996,21.94,37.27,21.35,21.35,35.6,21.69,25.85,29.17,32.41,37.4,39.14,48.62,
1498,"Brook Lopez",5800,C,MIL,CLE,121982,330047,,32,12.04,5.32,1.55,1.95,0.86,0.55,1.48,13.59,17.36,18.91,2.03,6.87,4.8,2.33,5.31,1.83,1.52,10.11,4.28,25.98,25.98,25.65,4.42,0.72%,134,131,SUN,12193,106,1498,18.64,33.75,0.94,0.94,5.84,18.61,22.63,25.65,28.92,33.95,36.21,46.27,
13900,"Damian Lillard",9200,PG,MIL,CLE,121982,463121,,35.5,24.17,4.01,6.59,3.21,2.63,1.37,0.19,30.76,28.18,34.77,1.56,10.6,8.26,3.68,8.62,7.81,7.19,16.88,6.89,40.92,40.92,42.67,4.64,5.4%,134,131,SUN,12374,107,13900,32.71,53,4.04,4.04,9.44,32.57,38.13,42.67,46.71,53.06,55.8,67.41,
16852,"Giannis Antetokounmpo",11100,PF/C,MIL,CLE,121982,739957,,34,30.8,11.58,4.94,0.32,3.43,0.82,0.88,35.74,42.38,47.32,1.7,16.52,17.79,10.79,1.36,13.25,8.27,19.15,11.11,53.78,53.78,55.53,5,18.26%,134,131,SUN,12485,108,16852,45.37,65.84,13.33,13.33,16.5,45.43,50.99,55.53,59.57,66.13,68.66,79.76,
35218,"Taurean Prince",4400,SG,MIL,CLE,121982,696209,,28,8.37,3.32,1.74,1.87,0.59,0.72,0.26,10.11,11.69,13.43,0.98,5.06,2.49,1.1,4.39,0.72,0.57,6.88,2.97,17.31,17.31,17.73,4.03,0.05%,134,131,SUN,28064,111,35218,11.77,25.01,0.25,0.25,2.69,11.65,15.01,17.73,20.45,25.11,27.18,36.24,
37886,"Kyle Kuzma",6400,SF/PF,MIL,CLE,121982,844476,,33,14.67,6.4,2.54,1.49,1.7,0.59,0.34,17.21,21.07,23.61,0.93,8.94,9.01,4.05,4.75,3,2.1,13.76,5.54,27.25,27.25,28.34,4.43,1.65%,134,131,SUN,38296,112,37886,20.87,36.98,1.34,1.34,4.5,20.68,25.02,28.34,31.91,37.02,39.06,48,
409320,"Gary Trent Jr.",4300,SG/SF,MIL,CLE,121982,1060908,,23,9.18,2.28,1.3,1.83,0.49,0.67,0.19,10.48,11.46,12.76,0.86,3.58,3.33,1.48,4.49,0.91,0.73,7.82,3.31,15.96,15.96,16.37,3.81,0.14%,134,131,SUN,70597,113,409320,10.2,23.41,0.17,0.17,1.95,9.98,13.3,16.37,18.93,23.28,25.32,32.74,
1115225,"Kevin Porter Jr.",3900,PG,MIL,CLE,121982,1135158,,16.5,8.01,2.3,2.21,0.5,1.39,0.83,0.16,10.22,10.31,12.52,0.99,4.51,5.74,2.68,1.95,1.69,1.16,7.69,3.18,15.67,15.67,15.74,4.04,0.27%,134,131,SUN,86566,114,1115225,10.32,22.03,0.14,0.14,1.81,10.32,13.42,15.74,18.32,22.19,23.74,31.48,
3005115,"Jericho Sims",3500,C,MIL,CLE,121982,1071933,,14,2.33,3.88,0.53,0,0.42,0.13,0.23,2.86,6.21,6.74,0.36,4.41,1.51,1,0,0.53,0.34,1.51,1,8.44,8.44,8.49,2.43,0.05%,134,131,SUN,71367,115,3005115,5.01,12.6,0,0,0,4.89,6.69,8.49,10.03,12.61,13.64,18.27,
3583672,"AJ Green",3700,SG,MIL,CLE,121982,1141111,,24,7.3,1.98,1.2,2.08,0.47,0.56,0.23,8.5,9.28,10.48,0.79,3.18,0.81,0.34,4.94,0.43,0.39,5.75,2.42,13.38,13.38,13.96,3.77,0.38%,134,131,SUN,89684,116,3583672,8.08,20.95,0.2,0.2,2.14,8.17,11.33,13.96,16.86,21.34,23.18,31.61,
1062,"Mike Conley",4300,PG,MIN,SAS,121983,329468,,23,7.52,2.39,3.88,1.56,0.71,0.9,0.28,11.4,9.91,13.79,1.18,6.27,0,,3.73,1.13,1.03,3.73,1.56,19.04,19.04,19.12,4.45,0.63%,146,144,SUN,12159,124,1062,12.86,26.12,0.48,0.48,5.04,13,16.32,19.12,21.92,26.51,28.07,36.2,
16935,"Rudy Gobert",6300,C,MIN,SAS,121983,739960,,30,12.86,10.11,1.8,0,1.19,0.61,1.29,14.66,22.97,24.77,1.9,11.91,0,,0,5.66,3.73,0,0,32.2,32.2,32.09,5.09,5.58%,146,144,SUN,12475,125,16935,24.44,39.74,5.9,5.9,10.93,24.19,28.88,32.09,35.3,39.99,41.96,50.36,
18632,"Julius Randle",7200,PF/C,MIN,SAS,121983,786412,,33,20.45,8.53,5.08,1.53,2.82,0.66,0.2,25.53,28.98,34.06,0.86,13.61,0,,4.87,6.9,5.55,4.87,1.53,38.07,38.07,40.39,5.61,21.03%,146,144,SUN,12553,127,18632,31.43,49.95,29.24,29.24,27.23,31.36,36.63,40.39,44.15,50.17,52.43,62.22,
408950,"Donte DiVincenzo",5600,PG/SG,MIN,SAS,121983,887915,,30,13.32,4.29,4.39,3.18,1.53,1.47,0.26,17.71,17.61,22,1.73,8.68,0,,8.01,1.36,1.06,8.01,3.18,28.71,28.71,29.58,5.28,8.61%,146,144,SUN,72401,128,408950,21.44,38.79,9.98,9.98,21.25,21.24,26.04,29.58,33.37,38.93,41.21,51.58,
1115445,"Nickeil Alexander-Walker",4100,SG/SF,MIN,SAS,121983,1067668,,23,8.57,2.75,2.08,1.77,0.74,0.78,0.56,10.65,11.32,13.4,1.34,4.83,0,,4.47,1.06,0.81,4.47,1.77,18.27,18.27,18.32,4.47,1.08%,146,144,SUN,69666,130,1115445,11.84,25.52,0.94,0.94,5.92,11.54,15.31,18.32,21.08,25.35,27.35,35.64,
1151038,"Naz Reid",7400,PF/C,MIN,SAS,121983,1137200,,26,14.9,6.39,2.09,2.47,1.09,0.49,0.76,16.99,21.29,23.38,1.25,8.48,0,,6.18,2.29,1.75,6.18,2.47,28.36,28.36,29.37,3.97,0.05%,146,144,SUN,72075,131,1151038,21.57,38.03,0.38,0.38,1.61,21.34,25.86,29.37,32.63,38.16,40.16,49.71,
2439478,"Anthony Edwards",9500,SG,MIN,SAS,121983,1175367,,37,27.45,7.33,5.1,3.35,2.8,0.81,0.42,32.55,34.78,39.88,1.23,12.43,0,,8.62,7.7,6.43,8.62,3.35,44.79,44.79,47.38,4.99,14.44%,146,144,SUN,89824,132,2439478,37.62,58.17,13.29,13.29,16.23,37.55,43.35,47.38,51.66,58.22,61.24,74.85,
2439585,"Jaden McDaniels",6800,SF/PF,MIN,SAS,121983,1177013,,35,15.96,7.04,2.82,1.88,1.26,1.4,0.65,18.78,23,25.82,2.05,9.86,0,,5.66,2.21,1.76,5.66,1.88,33.53,33.53,33.63,4.95,7.82%,146,144,SUN,90781,133,2439585,25.63,42.89,7.85,7.85,11.48,25.6,29.87,33.63,37.14,42.66,44.92,55.72,
4878487,"Jaylen Clark",3300,SF,MIN,SAS,121983,1231198,,2,0.88,0.25,0.25,0.11,0.12,0.06,0.01,1.13,1.13,1.38,0.07,0.5,0,,0.32,0.19,0.16,0.32,0.11,1.65,1.65,1.7,0.52,0.22%,146,144,SUN,149761,138,4878487,0,3.47,0,0,0,0,0,1.7,2.27,3.97,5.1,8.5,
6413059,"Terrence Shannon",3400,SG/SF,MIN,SAS,121983,1182148,,1,0.47,0.14,0.09,0.05,0.05,0.03,0.01,0.56,0.61,0.7,0.04,0.23,0,,0.15,0.11,0.09,0.15,0.05,0.84,0.84,0.86,0.25,0.22%,146,144,SUN,91771,140,6413059,0,1.72,0,0,0,0.37,0.61,0.86,1.11,1.47,1.57,1.64,
16845,"Kelly Olynyk",5700,PF/C,NOP,MEM,121980,514882,,25,12.12,7.05,4.56,1.09,2,0.63,0.37,16.68,19.17,23.73,1,11.61,5.77,2.98,2.68,3.55,2.88,8.45,4.07,28.42,28.42,29.55,5.18,10.17%,143,142,SUN,12462,143,16845,22.22,37.7,8.55,8.55,16.79,22.04,26.29,29.55,32.81,37.81,40.07,49.83,
408913,"Bruce Brown",4300,SF,NOP,MEM,121980,941834,,25,10.21,4.17,2.87,0.78,1.16,1.32,0.1,13.08,14.38,17.25,1.42,7.04,6.93,2.91,2.66,2.46,2.04,9.59,3.69,22.62,22.62,22.39,5.21,3.25%,143,142,SUN,75331,146,408913,15.99,29.22,4.02,4.02,12.5,15.99,19.44,22.39,25.1,29.28,31.25,38.63,
3005416,"Trey Murphy",8100,SG/SF,NOP,MEM,121980,1134570,,35,25.05,5.69,4.54,4.46,2.07,1.09,0.73,29.59,30.74,35.28,1.82,10.23,7.64,3.4,12.05,5.64,4.87,19.69,7.86,42.08,42.08,43.96,5.43,23.54%,143,142,SUN,90375,148,3005416,34.12,54.98,32.13,32.13,26.53,34.03,39.74,43.96,48.18,55.14,57.87,69.54,
3005500,"Jeremiah Robinson-Earl",3000,PF/C,NOP,MEM,121980,1176176,,16,4.66,4.1,1.2,0.64,0.42,0.47,0.27,5.86,8.76,9.96,0.74,5.3,2.27,1.08,1.91,0.72,0.59,4.18,1.72,13.18,13.18,13.18,4.39,0.2%,143,142,SUN,90424,150,3005500,8.36,18.85,0.39,0.39,2.46,8.11,11.15,13.18,15.21,18.76,20.28,26.61,
3015773,"Jose Alvarado",5000,PG,NOP,MEM,121980,1060919,,28,12.44,2.78,6.41,2.56,1.26,1.67,0.16,18.85,15.22,21.63,1.83,9.19,4.3,1.75,6.83,1.67,1.28,11.13,4.31,29.62,29.62,29.94,5.99,18.69%,143,142,SUN,73382,152,3015773,21.75,39.12,19.78,19.78,34.09,21.75,26.36,29.94,33.78,39.41,41.46,52.2,
3587996,"Karlo Matkovic",3900,PF/C,NOP,MEM,121980,1349638,,24,9.16,5.59,1.72,1.04,1.15,0.58,1.33,10.88,14.75,16.47,1.91,7.31,4.92,2.23,3.01,2,1.57,7.93,3.27,23.03,23.03,22.54,5.78,12.42%,143,142,SUN,195273,155,3587996,16.34,29.69,12.44,12.44,20.67,16.17,19.85,22.54,25.48,29.89,31.85,40.42,
3889043,"Jamal Cain",3000,SF,NOP,MEM,121980,1060409,,13,4.05,1.76,0.44,0.57,0.44,0.79,0.15,4.49,5.81,6.25,0.94,2.2,1.91,0.73,1.78,1.28,0.88,3.69,1.3,9.2,9.2,8.86,2.95,0.41%,143,142,SUN,247243,156,3889043,4.91,13.81,0,0,0.05,4.81,6.83,8.86,10.63,13.67,14.94,21.01,
4878506,"Jordan Hawkins",4200,PG/SG,NOP,MEM,121980,1327798,,29,15.94,3.36,2.35,3.15,1.35,0.87,0.62,18.29,19.3,21.65,1.49,5.71,5.57,2.12,9.09,2.72,2.26,14.66,5.27,26.62,26.62,27.55,6.56,20.92%,143,142,SUN,179431,157,4878506,19.55,37.04,25.18,25.18,41.18,19.31,23.95,27.55,30.9,36.82,39.14,49.7,
6413078,"Antonio Reeves",3000,SG,NOP,MEM,121980,1193678,,17,9.46,1.6,0.85,1.44,1.01,0.49,0.28,10.31,11.06,11.91,0.77,2.45,4.37,1.91,4.18,1.78,1.31,8.55,3.35,13.96,13.96,14.49,4.83,1.26%,143,142,SUN,90908,158,6413078,8.93,21.1,1.02,1.02,6.93,8.9,11.69,14.49,17.03,21.35,23.13,30.25,
6413079,"Yves Missi",5200,C,NOP,MEM,121980,1458495,,28,12.58,8.58,1.33,0,1.27,0.28,1.39,13.91,21.16,22.49,1.67,9.91,9.13,4.97,0,4.15,2.64,9.13,4.97,28.61,28.61,28.43,5.47,10.28%,143,142,SUN,281799,159,6413079,21.6,36.32,9.61,9.61,20.48,21.57,25.24,28.43,31.37,36.27,38.23,46.81,
37888,"Alex Caruso",4600,PG/SF,OKC,DEN,121978,697644,,19,5.74,3.06,2.71,1.11,0.46,1.13,0.34,8.45,8.8,11.51,1.47,5.77,1.9,0.9,2.92,0.79,0.62,4.82,2.01,17.43,17.43,16.9,3.67,0.0%,148,145,SUN,38264,161,37888,10.97,23.68,0,0,0,10.75,14.08,16.9,19.46,23.56,25.09,32.52,
408990,"Shai Gilgeous-Alexander",11100,PG,OKC,DEN,121978,1067856,,35,34.09,4.06,6.39,1.85,2.24,1.48,0.75,40.48,38.15,44.54,2.23,10.45,17.32,9.18,4.99,11.46,10.16,22.31,11.03,53,53,53.18,4.79,0.0%,148,145,SUN,75300,162,408990,43,64.46,0,0,0,42.59,48.64,53.18,57.46,64.52,67.29,79.14,
570142,"Isaiah Hartenstein",7000,C,OKC,DEN,121978,1057004,,26,9.79,8.95,3.62,0.01,1.21,0.93,0.65,13.41,18.74,22.36,1.58,12.57,6.56,3.97,0.22,2.67,1.84,6.78,3.98,29.49,29.49,29.18,4.17,0.0%,148,145,SUN,76846,163,570142,22.31,37.32,0,0,0,22.15,26.05,29.18,32.31,37.52,39.34,48.46,
570179,"Kenrich Williams",3700,PF/C,OKC,DEN,121978,843742,,1,0.28,0.17,0.09,0.05,0.03,0.02,0.01,0.37,0.45,0.54,0.03,0.26,0.13,0.06,0.13,0.02,0.01,0.26,0.11,0.68,0.68,0.7,0.19,0.0%,148,145,SUN,76838,164,570179,0,1.4,0,0,0,0.3,0.5,0.7,0.9,1.2,1.28,1.33,
1153418,"Lu Dort",4400,SG/SF,OKC,DEN,121978,1134693,,29,8.45,3.51,1.61,1.74,0.5,1.12,0.17,10.06,11.96,13.57,1.29,5.12,2.54,1.08,4.47,1.31,1.07,7.01,2.82,18.45,18.45,18.45,4.19,0.0%,148,145,SUN,87396,165,1153418,11.99,25.34,0,0,0,11.95,15.59,18.45,21.31,25.47,27.29,35.86,
2439149,"Isaiah Joe",4700,SG,OKC,DEN,121978,1134010,,16,7.18,1.77,1.26,1.81,0.3,0.44,0.14,8.44,8.95,10.21,0.58,3.03,1.44,0.63,4.5,0.61,0.49,5.94,2.44,12.63,12.63,13.2,2.81,0.0%,148,145,SUN,87355,166,2439149,7.6,19.92,0,0,0,7.39,10.56,13.2,15.84,20.06,21.65,29.3,
3005501,"Aaron Wiggins",5600,SF/PF,OKC,DEN,121978,1133788,,23,12.35,3.11,1.59,1.71,0.71,0.71,0.25,13.94,15.46,17.05,0.96,4.7,5.76,3.02,4.07,1.46,1.18,9.83,4.73,20.64,20.64,21.04,3.76,0.0%,148,145,SUN,70247,167,3005501,14.43,28.42,0,0,0,14.37,17.96,21.04,24.12,28.74,30.53,39.26,
3588097,"Jaylin Williams",4900,C,OKC,DEN,121978,1231367,,1,0.23,0.27,0.15,0.05,0.02,0.02,0.03,0.38,0.5,0.65,0.05,0.42,0.07,0.03,0.14,0.03,0.03,0.21,0.08,0.91,0.91,0.91,0.19,0.0%,148,145,SUN,92186,168,3588097,0,1.82,0,0,0,0.39,0.65,0.91,1.17,1.56,1.66,1.73,
3588098,"Jalen Williams",8500,SF/PF,OKC,DEN,121978,1182404,,34,22.34,5,5.26,1.86,1.9,1.39,0.58,27.6,27.34,32.6,1.97,10.26,13.17,6.57,4.87,4.54,3.62,18.04,8.43,40.24,40.24,40.49,4.76,0.0%,148,145,SUN,190388,169,3588098,31.92,50.37,0,0,0,31.83,36.67,40.49,44.56,50.68,52.97,64.68,
3588100,"Chet Holmgren",7300,PF/C,OKC,DEN,121978,1343009,,30,15.96,8.98,2.33,1.6,1.69,1.07,1.81,18.29,24.94,27.27,2.88,11.31,7.73,3.92,4.37,4.26,3.32,12.1,5.52,37.18,37.18,36.79,5.04,0.0%,148,145,SUN,179602,171,3588100,28.1,46.24,0,0,0,28.01,32.84,36.79,40.48,46.34,48.63,58.81,
4878543,"Cason Wallace",4200,PG/SG,OKC,DEN,121978,1408195,,26,8.22,3.11,2.28,1.38,0.83,1.4,0.12,10.5,11.33,13.61,1.52,5.39,3.81,1.81,3.7,0.59,0.47,7.51,3.19,19.1,19.1,18.84,4.49,0.0%,148,145,SUN,245049,172,4878543,12.55,25.97,0,0,0,12.39,16,18.84,21.68,26.32,27.87,35.62,
13904,"Andre Drummond",5300,C,PHI,UTA,121981,614746,,26,13.54,11.2,1.78,0.04,1.55,1.35,0.65,15.32,24.74,26.52,2,12.98,9.59,5.13,0.27,5.25,3.16,9.86,5.17,34.1,34.1,34.22,6.46,30.3%,128,149,SUN,12376,182,13904,26.25,42.38,31.48,31.48,46.15,26.36,30.67,34.22,37.52,42.58,44.36,52.98,
18925,"Kelly Oubre",6600,SG/SF,PHI,UTA,121981,843271,,35,22.79,5.84,2.67,2.13,1.44,1.6,0.5,25.46,28.63,31.3,2.1,8.51,12.86,6.06,7.01,5.68,4.29,19.87,8.19,38.66,38.66,38.76,5.87,41.26%,128,149,SUN,12066,184,18925,30.19,48.16,43.08,43.08,31.85,29.98,34.86,38.76,42.42,48.27,50.46,60.95,
35176,"Guerschon Yabusele",5200,PF/C,PHI,UTA,121981,920087,,33,13.62,6.91,3.03,1.77,1.32,1.09,0.34,16.65,20.53,23.56,1.43,9.94,6.77,2.94,5.1,2.91,2.42,11.87,4.71,29.43,29.43,30.06,5.78,17.43%,128,149,SUN,28058,185,35176,22.54,38.65,22.6,22.6,29.07,22.36,26.58,30.06,33.54,38.76,40.74,50.68,
409137,"Lonnie Walker IV",3400,SG,PHI,UTA,121981,1060928,,27,12.67,3.61,2,2.48,1.04,0.75,0.7,14.67,16.28,18.28,1.45,5.61,5.24,2.04,6.73,1.42,1.15,11.97,4.52,23.31,23.31,23.81,7,28.21%,128,149,SUN,75312,186,409137,16.64,32.1,23.58,23.58,41.35,16.64,20.48,23.81,27.14,32.26,34.56,43.78,
3005116,"Quentin Grimes",6500,PG/SG,PHI,UTA,121981,1132827,,35,19.65,5.92,4.84,3.75,2.28,1.27,0.64,24.49,25.57,30.41,1.91,10.76,6.52,2.98,10.1,3.32,2.45,16.62,6.73,37.46,37.46,39.01,6,46.14%,128,149,SUN,72687,188,3005116,29.44,49.41,41.99,41.99,36.33,29.13,34.57,39.01,42.96,49.38,52.1,63.95,
3005518,"Jared Butler",3800,PG/SG,PHI,UTA,121981,1134886,,15,6.63,1.66,3.71,0.59,0.78,0.87,0.32,10.34,8.29,12,1.19,5.37,3.98,1.86,1.89,1.38,1.12,5.87,2.45,16.98,16.98,16.56,4.36,1.01%,128,149,SUN,87661,189,3005518,10.83,23.22,0.1,0.1,3.87,10.76,13.8,16.56,19.04,23.18,24.84,31.74,
3077218,"Jeff Dowtin",3200,PG,PHI,UTA,121981,953377,,17,5.75,2.01,2.56,0.66,0.27,0.48,0.15,8.31,7.76,10.32,0.63,4.57,3.35,1.5,1.76,1.12,0.77,5.11,2.16,13.62,13.62,13.56,4.24,0.92%,128,149,SUN,71130,190,3077218,8.39,19.59,0.18,0.18,2.54,8.3,11.35,13.56,16.05,19.65,21.31,28.78,
4878583,"Ricky Council IV",3100,SF/PF,PHI,UTA,121981,1236199,,10,4.28,0.8,1.48,0.42,0.21,0.58,0.03,5.76,5.08,6.56,0.61,2.28,2.09,0.84,1.39,1.67,1.32,3.48,1.26,9.08,9.08,8.83,2.85,0.36%,128,149,SUN,267085,192,4878583,4.51,13.96,0,0,0.07,4.42,6.77,8.83,10.89,14.13,15.31,21.49,
6413161,"Adem Bona",3300,C,PHI,UTA,121981,1350567,,10,4.9,2.07,0.21,0,0.64,0.23,0.64,5.11,6.97,7.18,0.87,2.28,2.37,1.62,0,2.59,1.66,2.37,1.62,9.67,9.67,9.22,2.79,0.47%,128,149,SUN,245359,193,6413161,5.31,13.62,0,0,0.01,5.38,7.43,9.22,11.01,13.83,14.85,19.98,
6448297,"Justin Edwards",4000,SF/PF,PHI,UTA,121981,1465002,,32,13.46,3.98,2.49,1.48,1.13,1.01,0.45,15.95,17.44,19.93,1.46,6.47,7.33,3.27,4.3,3.15,2.47,11.63,4.75,25.22,25.22,25.27,6.32,17.84%,128,149,SUN,288782,195,6448297,18.45,33.63,21.08,21.08,33.52,18.38,22.21,25.27,28.59,33.69,35.48,44.41,
1348,"Kevin Durant",9100,SF/PF,PHO,DAL,121979,329525,,37,26.81,6.11,4.24,2.38,2.28,0.81,1.46,31.05,32.92,37.16,2.27,10.35,13.44,7.07,5.87,6.57,5.51,19.31,9.45,45.03,45.03,45.64,5.02,0.0%,153,140,SUN,12157,197,1348,36.07,56.27,0,0,0,35.91,41.15,45.64,49.63,56.11,58.61,70.58,
13898,"Bradley Beal",6400,SG/SF,PHO,DAL,121979,606912,,34,17.96,4.16,4.57,1.99,1.95,0.98,0.29,22.53,22.12,26.69,1.27,8.73,9.42,4.85,4.86,2.84,2.3,14.28,6.84,31.67,31.67,32.61,5.1,0.0%,153,140,SUN,12371,198,13898,24.38,41.29,0,0,0,24.46,28.9,32.61,35.82,41.5,43.73,53.36,
16798,"Mason Plumlee",3600,C,PHO,DAL,121979,510790,,20,4.67,7.91,2.23,0,0.81,0.3,0.59,6.9,12.58,14.81,0.89,10.14,2.56,1.6,0,2.18,1.48,2.56,1.6,19.37,19.37,19.31,5.36,0.0%,153,140,SUN,12465,199,16798,14.3,25.02,0,0,0,14.24,17.14,19.31,21.72,25.1,26.55,33.31,
18938,"Tyus Jones",4300,PG,PHO,DAL,121979,842297,,18,5.31,1.93,3.9,0.92,0.91,0.53,0.08,9.21,7.24,11.14,0.61,5.83,2.58,1.12,2.24,0.37,0.32,4.82,2.04,14.4,14.4,14.8,3.44,0.0%,153,140,SUN,12049,200,18938,9.56,21.24,0,0,0,9.44,12.5,14.8,17.35,21.18,22.97,31.13,
18949,"Devin Booker",8900,PG/SG,PHO,DAL,121979,845564,,37,26.79,3.66,7.72,2.53,2.53,0.81,0.3,34.51,30.45,38.17,1.11,11.38,12.55,6.04,7.17,8.03,7.15,19.72,8.57,43.56,43.56,45.49,5.11,0.0%,153,140,SUN,12068,201,18949,35.77,56.14,0,0,0,35.58,41.42,45.49,49.81,56.42,58.96,71.41,
37872,"Royce O'Neale",3900,SF/PF,PHO,DAL,121979,604479,,20,6.67,3.28,1.41,1.76,0.51,0.73,0.14,8.08,9.95,11.36,0.87,4.69,1.34,0.57,4.43,0.36,0.25,5.77,2.33,14.82,14.82,15.25,3.91,0.0%,153,140,SUN,38247,204,37872,9.73,21.89,0,0,0,9.59,12.79,15.25,17.96,21.89,23.61,31.98,
409227,"Grayson Allen",4200,SG/SF,PHO,DAL,121979,842296,,24,9.52,2.82,2.39,2.06,1.01,0.71,0.28,11.91,12.34,14.73,0.99,5.21,2.14,0.99,4.62,1.6,1.35,6.76,3.05,18.45,18.45,19.14,4.56,0.0%,153,140,SUN,70596,205,409227,12.98,26.31,0,0,0,13,16.3,19.14,21.98,26.47,28.12,36.86,
1115482,"Bol Bol",5200,PF,PHO,DAL,121979,1134730,,17,7.53,4.36,0.83,0.98,0.79,0.18,1.05,8.36,11.89,12.72,1.23,5.19,3.51,1.95,2.72,0.9,0.69,6.23,2.93,16.91,16.91,16.79,3.23,0.0%,153,140,SUN,73472,207,1115482,11.44,23.13,0,0,0,11.36,14.49,16.79,19.26,23.21,24.94,32.59,
2439422,"Nick Richards",4600,C,PHO,DAL,121979,1067853,,24,9.42,10.23,0.77,0,1.28,0.17,0.91,10.19,19.65,20.42,1.08,11,5.34,3.48,0,3.37,2.46,5.34,3.48,24.81,24.81,25.33,5.51,0.0%,153,140,SUN,69992,208,2439422,18.91,32.38,0,0,0,18.75,22.41,25.33,28.01,32.39,34.34,42.14,
3583871,"Collin Gillespie",3100,PG/SG,PHO,DAL,121979,1070352,,6,2.76,0.89,0.7,0.45,0.26,0.2,0.13,3.46,3.65,4.35,0.33,1.59,1.04,0.54,1.03,0.41,0.31,2.07,0.99,5.61,5.61,5.68,1.83,0.0%,153,140,SUN,72400,209,3583871,2.32,9.9,0,0,0,2.07,4.13,5.68,7.23,9.81,10.84,16.01,
6413181,"Ryan Dunn",3000,PF,PHO,DAL,121979,1406029,,3,0.81,0.57,0.12,0.15,0.1,0.04,0.14,0.93,1.38,1.5,0.18,0.69,0.43,0.17,0.5,0.07,0.03,0.93,0.32,2.11,2.11,2.09,0.7,0.0%,153,140,SUN,245483,213,6413181,0,4.26,0,0,0,0,1.74,2.09,3.48,6.27,7.32,12.54,
18576,"Jerami Grant",5400,PF,POR,DET,121984,699826,,28,13.97,3.36,1.57,1.67,1.37,1.03,0.56,15.54,17.33,18.9,1.59,4.93,6.78,2.64,4.45,4.46,3.7,11.23,4.31,23.76,23.76,23.86,4.42,0.04%,147,132,SUN,12539,215,18576,16.91,31.39,0.6,0.6,5.39,16.75,20.81,23.86,26.65,31.47,33.51,41.88,
409191,"Anfernee Simons",7000,PG/SG,POR,DET,121984,1121307,,35,23.05,2.67,4.95,3.65,2.53,1.01,0.14,28,25.72,30.67,1.15,7.62,9.6,4.14,9.76,4.2,3.82,19.36,7.79,34.6,34.6,36.71,5.24,13.37%,147,132,SUN,75325,217,409191,27.26,47,11.41,11.41,20.05,27.02,32.63,36.71,40.79,47.16,49.97,61.95,
3587852,"Bryce McGowens",3000,SG,POR,DET,121984,1324323,,1,0.61,0.03,0.02,0.06,0.07,0.05,0,0.63,0.64,0.66,0.05,0.05,0.29,0.13,0.24,0.24,0.19,0.53,0.19,0.76,0.76,0.77,0.26,0.05%,147,132,SUN,179808,222,3587852,0,1.54,0,0,0,0.33,0.55,0.77,0.99,1.32,1.4,1.47,
3588077,"Shaedon Sharpe",6900,SG/SF,POR,DET,121984,1371494,,33,20.57,4.67,2.82,2.46,2.26,0.76,0.37,23.39,25.24,28.06,1.13,7.49,10.39,4.68,7.57,4.72,3.81,17.96,7.14,31.53,31.53,33.02,4.79,6.65%,147,132,SUN,181796,223,3588077,24.64,42.07,1.16,1.16,9.39,24.38,29.21,33.02,36.58,42.16,44.2,54.86,
3588078,"Jabari Walker",4000,PF/C,POR,DET,121984,1232517,,22,7.29,6.3,1.13,0.51,1.21,0.91,0.27,8.42,13.59,14.72,1.18,7.43,4.06,2.07,1.64,2.26,1.62,5.7,2.58,18.88,18.88,18.9,4.73,0.32%,147,132,SUN,149219,224,3588078,13.28,25.34,0,0,5.57,13.03,16.35,18.9,21.45,25.54,26.82,34.48,
4579355,"Justin Minaya",3000,PF,POR,DET,121984,1077488,,1,0.14,0.13,0.12,0.03,0.02,0.03,0.01,0.26,0.27,0.39,0.04,0.25,0.07,0.02,0.16,0.03,0.02,0.23,0.05,0.58,0.58,0.57,0.19,0.05%,147,132,SUN,70437,225,4579355,0,1.14,0,0,0,0.24,0.41,0.57,0.73,0.98,1.04,1.09,
4874521,"Rayan Rupert",3000,PG/SF,POR,DET,121984,1433295,,2,0.57,0.19,0.09,0.09,0.14,0.01,0,0.66,0.76,0.85,0.01,0.28,0.33,0.1,0.28,0.13,0.1,0.61,0.19,0.82,0.82,0.94,0.31,0.5%,147,132,SUN,267057,226,4874521,0,1.88,0,0,0,0.4,0.67,0.94,1.21,1.61,1.71,1.79,
4874522,"Scoot Henderson",5500,PG,POR,DET,121984,1357750,,27,14.33,2.72,4.98,1.6,3.25,1.21,0.18,19.31,17.05,22.03,1.39,7.7,7.67,3.18,4.58,3.99,3.17,12.25,4.78,25.98,25.98,27.19,4.94,2.98%,147,132,SUN,194861,227,4874522,19.54,35.76,0.91,0.91,13.87,19.49,23.86,27.19,30.52,35.91,37.96,48.48,
4878601,"Toumani Camara",5600,SG/SF,POR,DET,121984,1175364,,34,13.21,6.46,2.11,1.8,1.93,1.43,0.61,15.32,19.67,21.78,2.04,8.57,6.37,2.91,5.03,2.63,1.99,11.4,4.71,28.32,28.32,28.58,5.1,7.53%,147,132,SUN,89825,229,4878601,21.02,37.09,2.54,2.54,16.21,20.92,25.26,28.58,31.9,37.26,39.3,49.76,
4878619,"Kris Murray",3900,SF/PF,POR,DET,121984,1231166,,15,3.36,2.66,0.78,0.45,0.65,0.41,0.41,4.14,6.02,6.8,0.82,3.44,1.95,0.82,1.71,0.71,0.37,3.66,1.27,9.53,9.53,9.4,2.41,0.05%,147,132,SUN,149623,230,4878619,5.18,14.72,0,0,0,4.98,7.46,9.4,11.34,14.65,16.04,22.12,
5236297,"Duop Reath",3200,C,POR,DET,121984,948115,,18,8.76,2.95,0.85,1.37,1.02,0.47,0.5,9.61,11.71,12.56,0.97,3.8,3.64,1.73,3.92,1.53,1.18,7.56,3.1,15.47,15.47,15.84,4.95,1.44%,147,132,SUN,289503,231,5236297,10.32,22.3,0,0,7.41,10.24,13.4,15.84,18.28,22.42,24.13,32.17,
6413199,"Donovan Clingan",5300,C,POR,DET,121984,1405867,,24,8.15,9.48,1.57,0.2,1.5,0.69,1.5,9.72,17.63,19.2,2.19,11.05,5.47,3.09,0.74,2.18,1.39,6.21,3.29,26.95,26.95,26.3,4.96,1.6%,147,132,SUN,245063,232,6413199,19.88,33.97,1.56,1.56,10.84,19.98,23.27,26.3,29.33,34.14,36.16,45.52,
1053,"DeMar DeRozan",7900,SF,SAC,LAC,121985,457594,,38,25.01,4.42,4.97,1.07,1.87,0.58,0.32,29.98,29.43,34.4,0.9,9.39,14.87,7.15,3.08,8.68,7.49,17.95,8.22,38.6,38.6,39.46,4.99,11.63%,154,151,SUN,12233,233,1053,31.07,48.96,11.54,11.54,13.08,30.97,35.71,39.46,42.96,48.95,51.45,61.94,
13301,"Jonas Valanciunas",7300,C,SAC,LAC,121985,599780,,29,14.52,10.08,3.23,0.39,1.88,0.84,0.8,17.75,24.6,27.83,1.64,13.31,9.47,5.29,1.32,3.35,2.78,10.79,5.68,34.5,34.5,35.23,4.83,3.26%,154,151,SUN,12323,234,13301,27.02,43.71,3.54,3.54,8.84,27.04,31.76,35.23,38.7,43.91,45.9,55.33,
18622,"Zach LaVine",8300,SG/SF,SAC,LAC,121985,743777,,38,22.95,5.15,4.15,3.13,3.64,0.79,0.17,27.1,28.1,32.25,0.96,9.3,9.5,4.8,7.45,4.81,3.96,16.95,7.93,34.6,34.6,37.34,4.5,3.77%,154,151,SUN,12521,235,18622,28.21,47.01,3.25,3.25,6.6,28.07,33.33,37.34,41.35,47.36,49.62,60.65,
18942,"Trey Lyles",3500,PF/C,SAC,LAC,121985,845596,,19,6.04,4.66,2.29,1.25,0.75,0.53,0.26,8.33,10.7,12.99,0.79,6.95,1.71,0.74,3.47,1.18,0.81,5.18,1.99,16.69,16.69,17.14,4.9,0.97%,154,151,SUN,12072,236,18942,11.48,23.53,1.44,1.44,7.07,11.51,14.84,17.14,19.7,23.79,25.58,33.51,
35233,"Skal Labissiere",,,SAC,LAC,121985,891349,,1,0.4,0.12,0.12,0.05,0.08,0.03,0.01,0.52,0.52,0.64,0.04,0.24,0.2,0.09,0.14,0.09,0.07,0.34,0.14,0.76,0.76,0.8,32,0.0%,154,151,SUN,28022,238,35233,0,1.6,0,0,0,0.34,0.57,0.8,1.03,1.37,1.46,1.52,
3584031,"Keon Ellis",4700,PG/SG,SAC,LAC,121985,1231210,,34,10.87,3.99,2.34,2.45,1.35,1.81,0.81,13.21,14.86,17.2,2.62,6.33,2.43,1.14,5.72,1.51,1.25,8.15,3.59,25.68,25.68,25.17,5.36,8.52%,154,151,SUN,148680,241,3584031,17.6,33.78,7.07,7.07,19.93,17.54,21.61,25.17,28.48,33.81,36.1,45.51,
3587973,"Jake LaRavia",3300,SF/PF,SAC,LAC,121985,1175125,,25,7.11,4.27,1.9,0.99,1.88,0.79,0.39,9.01,11.38,13.28,1.18,6.17,3.04,1.21,2.59,2.38,1.75,5.63,2.2,16.74,16.74,17.22,5.22,3.83%,154,151,SUN,89808,242,3587973,11.63,23.69,2.38,2.38,9.85,11.4,14.69,17.22,19.75,23.8,25.32,33.17,
3588213,"Keegan Murray",5200,PF,SAC,LAC,121985,1231161,,35,12.25,6.51,1.63,2.06,1.14,0.86,0.65,13.88,18.76,20.39,1.51,8.14,5.31,2.47,5.94,1.39,1.15,11.25,4.53,25.9,25.9,26.43,5.08,5.77%,154,151,SUN,149626,243,3588213,19.4,34.84,6.84,6.84,14.79,19.45,23.19,26.43,29.67,34.91,37.15,47.13,
6413219,"Devin Carter",3000,PG/SG,SAC,LAC,121985,1340755,,12,4.11,1.28,1.67,0.53,0.83,0.31,0.1,5.78,5.39,7.06,0.41,2.95,2.04,0.89,1.53,0.88,0.73,3.57,1.42,8.55,8.55,8.89,2.96,0.43%,154,151,SUN,180026,244,6413219,4.63,13.93,0,0,0.08,4.71,6.8,8.89,10.98,14.12,15.43,21.7,
18583,"Doug McDermott",3000,SF,SAC,LAC,121985,554804,,3,0.65,0.06,0.02,0.18,0.09,0.01,0,0.67,0.71,0.73,0.01,0.08,0.1,0.04,0.43,0.03,0.02,0.53,0.22,0.69,0.69,0.82,0.27,0.05%,154,151,SUN,12541,247,18583,0,1.64,0,0,0,0.35,0.59,0.82,1.05,1.41,1.49,1.56,
37801,"Markelle Fultz",,,SAC,LAC,121985,946824,,6,1.68,0.78,0.95,0.03,0.41,0.16,0.08,2.63,2.46,3.41,0.24,1.73,1.53,0.74,0.1,0.16,0.12,1.63,0.77,4.35,4.35,4.37,32,0.0%,154,151,SUN,38268,249,37801,1.66,7.64,0,0,0,1.54,3.08,4.37,5.66,7.45,8.48,12.6,
1087,"Chris Paul",4900,PG,SAS,MIN,121983,229598,,28,8.73,2.89,7.17,1.58,1.35,1.42,0.27,15.9,11.62,18.79,1.69,10.06,3.47,1.47,4.25,1.17,1.06,7.72,3.05,26.67,26.67,26.72,5.45,8.54%,144,146,SUN,12012,250,1087,19.43,35.15,8.28,8.28,21.22,19.34,23.41,26.72,30.03,35.37,37.66,47.84,
13901,"Harrison Barnes",4200,SF/PF,SAS,MIN,121983,552336,,24,9.71,4.21,1.71,1.53,0.39,0.29,0.34,11.42,13.92,15.63,0.63,5.92,3.52,1.66,3.76,2.27,1.8,7.28,3.19,18.83,18.83,19.38,4.61,1.31%,144,146,SUN,12377,251,13901,13.21,26.47,1.44,1.44,6.35,13.26,16.83,19.38,22.18,26.78,28.56,37.23,
37900,"De'Aaron Fox",8600,PG/SG,SAS,MIN,121983,957489,,34,22.16,4.68,5.83,2.25,2.48,1.49,0.56,27.99,26.84,32.67,2.05,10.51,12.21,5.48,6.7,5.67,4.45,18.91,7.73,40.19,40.19,40.88,4.75,6.98%,144,146,SUN,38271,252,37900,31.74,51.11,5.8,5.8,10.54,31.8,36.84,40.88,44.92,51.23,54,66.62,
1115463,"Keldon Johnson",4400,SF/PF,SAS,MIN,121983,1134174,,25,11.81,4.78,1.79,1.31,1.14,0.58,0.27,13.6,16.59,18.38,0.85,6.57,5.84,2.86,3.93,2.77,2.14,9.77,4.17,21.64,21.64,22.28,5.06,4.89%,144,146,SUN,69995,254,1115463,15.67,29.76,2.99,2.99,12.16,15.7,19.24,22.28,25.07,29.88,31.9,39.75,
2439442,"Devin Vassell",6100,SG/SF,SAS,MIN,121983,1132051,,33,17.69,4.17,2.33,2.49,1.17,1.1,0.44,20.02,21.86,24.19,1.54,6.5,8.91,4,6.94,2.82,2.23,15.85,6.49,29.64,29.64,30.15,4.94,7.79%,144,146,SUN,91366,255,2439442,22.23,38.99,6.44,6.44,14.55,22.11,26.55,30.15,33.42,38.94,41.2,51.26,
3005245,"Sandro Mamukelashvili",4000,PF/C,SAS,MIN,121983,1060351,,5,2.7,1.14,0.2,0.41,0.31,0.21,0.22,2.9,3.84,4.04,0.43,1.34,1.12,0.53,1.15,0.57,0.42,2.27,0.94,5.35,5.35,5.34,1.34,0.27%,144,146,SUN,69792,257,3005245,2.14,9.49,0,0,0,2.14,3.74,5.34,6.94,9.35,10.68,15.75,
3588015,"Blake Wesley",3000,PG,SAS,MIN,121983,1325125,,1,0.31,0.1,0.39,0.01,0.07,0.06,0.01,0.7,0.41,0.8,0.07,0.49,0.19,0.1,0.05,0.1,0.07,0.24,0.11,1.16,1.16,1.13,0.38,0.5%,144,146,SUN,179868,259,3588015,0,2.26,0,0,0,0,0,1.13,1.7,3.11,3.39,6.22,
3588016,"Jeremy Sochan",5100,PF/C,SAS,MIN,121983,1342728,,25,10.12,6.77,2.21,0.71,1.37,0.65,0.41,12.33,16.89,19.1,1.06,8.98,6.42,3.29,2.24,1.96,1.42,8.66,4,23.37,23.37,23.8,4.67,0.32%,144,146,SUN,179331,260,3588016,17.38,31.1,1.71,1.71,6.85,17.47,21.01,23.8,26.84,31.4,33.17,41.53,
3588017,"Malaki Branham",3000,SG/SF,SAS,MIN,121983,1325163,,1,0.35,0.23,0.03,0.05,0.05,0,0,0.38,0.58,0.61,0,0.26,0.19,0.08,0.14,0.04,0.03,0.33,0.13,0.62,0.62,0.68,0.23,0.05%,144,146,SUN,179876,261,3588017,0,1.36,0,0,0,0.29,0.49,0.68,0.87,1.17,1.24,1.3,
3597312,"Julian Champagnie",,,SAS,MIN,121983,1176070,,17,6.04,2.52,1.42,1.34,0.56,0.84,0.54,7.46,8.56,9.98,1.38,3.94,1.46,0.62,3.66,0.93,0.8,5.12,1.96,14.77,14.77,14.47,32,0.0%,144,146,SUN,89784,262,3597312,8.96,20.76,0.28,0.28,2.07,8.89,11.93,14.47,17.01,20.82,22.34,30.21,
6413239,"Stephon Castle",6200,PG/SG,SAS,MIN,121983,1461118,,27,15.61,4.51,2.95,1.38,2.4,1.14,0.31,18.56,20.12,23.07,1.45,7.46,9.05,4,4.85,4.8,3.47,13.9,5.38,27.4,27.4,28.09,4.53,1.02%,144,146,SUN,288759,265,6413239,20.78,35.97,1.98,1.98,6.65,20.7,24.64,28.09,31.29,35.97,37.95,47.56,
13312,"Bismack Biyombo",4500,C,SAS,MIN,121983,599797,,20,6.54,5.75,0.95,0,1,0.37,0.87,7.49,12.29,13.24,1.24,6.7,4.71,2.83,0,2.11,0.88,4.71,2.83,17.59,17.59,17.15,3.81,0.45%,144,146,SUN,12325,267,13312,12.04,22.92,0.09,0.09,0.54,11.93,14.91,17.15,19.64,23.12,24.61,31.32,
409280,"Svi Mykhailiuk",3600,SG/SF,UTA,PHI,121981,843265,,21,9.87,3.05,2.26,2.39,1.29,0.31,0.33,12.13,12.92,15.18,0.64,5.31,2.58,1,6.66,0.92,0.7,9.24,3.39,17.55,17.55,18.9,5.25,3.38%,149,128,SUN,72692,272,409280,11.02,27.83,0.33,0.33,18.29,10.85,15.4,18.9,22.4,28,30.45,42,
2439615,"KJ Martin",3800,PF,UTA,PHI,121981,1257431,,28,8.16,4.87,1.71,0.41,0.8,0.64,1.05,9.87,13.03,14.74,1.69,6.58,5.09,2.87,1.27,1.79,1.19,6.36,3.28,20.84,20.84,20,5.26,5.14%,149,128,SUN,12368,273,2439615,14.11,26.5,2.89,2.89,11.3,14,17.25,20,22.5,26.5,28,36.25,
3080545,"Micah Potter",3200,PF/C,UTA,PHI,121981,945061,,21,5.57,6.68,0.9,1.19,0.64,0.46,0.31,6.47,12.25,13.15,0.77,7.58,1.46,0.68,3.15,0.76,0.65,4.61,1.87,16.61,16.61,17.11,5.35,4.04%,149,128,SUN,70478,275,3080545,11.56,23.74,2.58,2.58,11.25,11.41,14.78,17.11,19.7,24.11,25.92,34.22,
3583942,"Johnny Juzang",4200,SG/SF,UTA,PHI,121981,1186159,,26,13.18,4.27,1.23,3,0.71,0.66,0.53,14.41,17.45,18.68,1.19,5.5,3.33,1.43,7.84,1.68,1.32,11.17,4.43,23.01,23.01,23.9,5.69,12.49%,149,128,SUN,91839,276,3583942,16.06,32.35,3.55,3.55,24.59,15.75,20.43,23.9,27.27,32.62,34.87,44.43,
4878701,"Brice Sensabaugh",5000,SF,UTA,PHI,121981,1408260,,27,16.42,4.29,2.22,3.01,1.81,0.7,0.2,18.64,20.71,22.93,0.9,6.51,6.27,2.63,8.49,2.34,2.14,14.76,5.64,25.79,25.79,27.52,5.5,11.59%,149,128,SUN,244814,280,4878701,19.73,36.46,8.12,8.12,23.73,19.85,24.34,27.52,31.22,36.78,38.9,49.22,
4878702,"Keyonte George",6400,PG,UTA,PHI,121981,1408151,,31,20.1,4.58,5.24,3.14,3.14,0.47,0.43,25.34,24.68,29.92,0.9,9.82,7.56,3,9.23,5.74,4.68,16.79,6.14,33.02,33.02,35.56,5.56,17.49%,149,128,SUN,245017,281,4878702,26.78,45.51,20.75,20.75,24.58,26.73,31.78,35.56,39.34,45.65,47.92,59.52,
6413281,"Kyle Filipowski",5900,C,UTA,PHI,121981,1403609,,31,16.99,9.67,2.58,1.99,3.02,0.78,0.43,19.57,26.66,29.24,1.21,12.25,7.55,4.08,5.1,4.66,2.88,12.65,6.07,33.07,33.07,35.38,6,22.82%,149,128,SUN,245488,282,6413281,26.58,45.05,16.71,16.71,38.83,26.54,31.54,35.38,39.67,45.3,47.71,58.16,
6413282,"Isaiah Collier",6300,PG,UTA,PHI,121981,1463591,,31,13.29,4.12,7.67,1.71,3.24,0.79,0.46,20.96,17.41,25.08,1.25,11.79,6.55,2.85,4.93,2.96,2.46,11.48,4.56,30.25,30.25,31.99,5.08,6.7%,149,128,SUN,288765,283,6413282,23.78,41.49,8.22,8.22,14.14,23.68,28.21,31.99,35.52,41.56,44.33,55.16,
6413283,"Cody Williams",3500,SF,UTA,PHI,121981,1458830,,24,6.43,2.89,1.78,0.96,1.23,0.52,0.41,8.21,9.32,11.1,0.93,4.67,3.42,1.21,3.36,1.51,1.13,6.78,2.17,14.13,14.13,14.44,4.13,0.47%,149,128,SUN,289633,284,6413283,8.92,20.85,0.12,0.12,2.63,8.89,11.94,14.44,16.94,21.1,22.77,30.55,
